performance_aawodbwaeo,password
performance_aawvaxznea,password
performance_abecgpnall,password
performance_acxlwbgeiw,password
performance_adcjhgevyl,password
performance_adozbtmsgg,password
performance_aehecyzpvx,password
performance_afjumzvtmu,password
performance_afnvegmwsd,password
performance_afrwithhxl,password
performance_aftvmpduhg,password
performance_aggeyvmcnx,password
performance_agiisevjiv,password
performance_agydzfojvt,password
performance_aikxxltgma,password
performance_aildqxalrm,password
performance_ailwrxpxyt,password
performance_ajwfyylnfj,password
performance_akhhicsxsp,password
performance_alzccesnqs,password
performance_amyggqrajj,password
performance_apnrtwirgt,password
performance_aqatoxetcc,password
performance_aqbentlyzo,password
performance_aqcvwdotzi,password
performance_ardmcnmzwu,password
performance_asvhqmhlqh,password
performance_atdbwfwbzz,password
performance_atsidfyrgk,password
performance_aubxvazbzx,password
performance_audgbwgovn,password
performance_aulnssogor,password
performance_axumpelyvd,password
performance_aykzyqtxej,password
performance_azaqcbiydn,password
performance_azojizseee,password
performance_azxpcrqxtn,password
performance_bartodadrf,password
performance_bccsknbfif,password
performance_bcxobxkstj,password
performance_bdlxjjbjym,password
performance_bfnfzvttjn,password
performance_bggzwobdxc,password
performance_bgjpwbkacu,password
performance_bgkbbiafgb,password
performance_bhmlzscpcq,password
performance_bhrgshblyj,password
performance_bhtxityrdv,password
performance_bhzacshkqs,password
performance_bignyamuls,password
performance_bimetwfvhe,password
performance_bjrxxflrdo,password
performance_bjyjlpmdtc,password
performance_bkcjnqsemz,password
performance_bkezzqlndc,password
performance_bkswybltxe,password
performance_bkzfbcfpvw,password
performance_blpvtdtsil,password
performance_blscpyfuvw,password
performance_blsqnhzycx,password
performance_blxemaeuir,password
performance_bmnkuaiids,password
performance_bogfvfaybj,password
performance_boimzkppvt,password
performance_bovqlwkrzt,password
performance_bquhazlops,password
performance_brboifxtyu,password
performance_brrfwxsosd,password
performance_bsizwekuue,password
performance_bsopowimoq,password
performance_bviepwxqsl,password
performance_bwrbtgzvik,password
performance_byhgrfmesn,password
performance_byhwppdywt,password
performance_bzbxndrzzg,password
performance_bzxmjawmnu,password
performance_bzytelnvpp,password
performance_cbjzielsme,password
performance_cccqovkrkh,password
performance_ccvfpxkmjc,password
performance_ccvmbypwzj,password
performance_ccyskmorqy,password
performance_ceiyhhgbqu,password
performance_chdaxjbmap,password
performance_chmrwqxjgo,password
performance_chzpkvvhzw,password
performance_cikmoaynzf,password
performance_cjebuhezoo,password
performance_cjhgedmcfa,password
performance_ckjuljnyrq,password
performance_ckrjptzuko,password
performance_cktvubbcrl,password
performance_clgcmcumhj,password
performance_clyismygnb,password
performance_cmcnyvkxdv,password
performance_cmkodrkian,password
performance_cntegtojrj,password
performance_cokzgbhjja,password
performance_connewryrv,password
performance_cozqqaicvr,password
performance_cpwalqvasd,password
performance_csbkkdckkb,password
performance_ctwdcvhyuf,password
performance_cuevtqxmzv,password
performance_cuvjmeuogf,password
performance_cvhhpunkwu,password
performance_cwfexahlzd,password
performance_cwtnjjyavh,password
performance_cwurvcrfmp,password
performance_cymnckavdq,password
performance_cyxfeoxmgb,password
performance_cziaxztcfh,password
performance_czkmhsdpzt,password
performance_czlwrkejzv,password
performance_cznncaqcpu,password
performance_dajkynwlmc,password
performance_dcmselhgqg,password
performance_ddoqvfucvi,password
performance_deknbcepdl,password
performance_dergyihibi,password
performance_dfuljqjvhy,password
performance_dfzfhoubvk,password
performance_diseezdbmw,password
performance_diswdwuwpj,password
performance_djtllricnu,password
performance_djxsgzrctl,password
performance_dkcuewvhci,password
performance_dlcpiwykfr,password
performance_dlnsoiqtvs,password
performance_dlxunmtwyv,password
performance_dngdfqtxrg,password
performance_dnrddfrxsp,password
performance_dnsiwopwsw,password
performance_dobfjnexyc,password
performance_dooicjeroc,password
performance_dooxcdejfx,password
performance_dpeanfutck,password
performance_dpgosnypls,password
performance_dpwvysfgyt,password
performance_dqphujweup,password
performance_drcpmfzrnr,password
performance_drielruznk,password
performance_dtbavevkax,password
performance_dthbeojwok,password
performance_dtqhgcnwnn,password
performance_dugpbftufk,password
performance_dunkrdvgsp,password
performance_duysrlcwxw,password
performance_duzzxiisgm,password
performance_dweecmjfzv,password
performance_dwyckgskig,password
performance_dxeoqwrmun,password
performance_dxknoanfzq,password
performance_dxnxnwrcaw,password
performance_dygqkxfyve,password
performance_dykycehcjk,password
performance_dymryouyhi,password
performance_dzvwyamtfy,password
performance_eabvuzitiw,password
performance_eapzwqmqpr,password
performance_eaugvwmtgd,password
performance_ecqvoihdxs,password
performance_edseplscvd,password
performance_eesztrpmyf,password
performance_efhsdtmipq,password
performance_efpkmrrbxu,password
performance_efthpedfxe,password
performance_egayyrybmp,password
performance_ehhahyygrz,password
performance_ehjygsyrrq,password
performance_ehkbvxepsp,password
performance_eimjvhlcfl,password
performance_eitdsisiyk,password
performance_ejrpkvowaf,password
performance_ejttqjjabm,password
performance_elweqrzsuu,password
performance_emgiqdfqno,password
performance_emveribhuz,password
performance_enwjaqrgir,password
performance_epxsvtgnfl,password
performance_equhfaljkg,password
performance_ersbfnsmvf,password
performance_eruomvczvh,password
performance_eshsxxzfip,password
performance_espoylybfp,password
performance_esyydlyupi,password
performance_etssbuoezr,password
performance_eufehqtvpv,password
performance_euvcegaisx,password
performance_evwfywkpcf,password
performance_ewmjsfgbqk,password
performance_ewwyqyuska,password
performance_eyffzamkur,password
performance_ezdesbhhwo,password
performance_ezqrudtbdz,password
performance_fcdgadkcvy,password
performance_fdjcrcwikl,password
performance_ffayuifqpy,password
performance_ffdpkffrfd,password
performance_ffuiqiankg,password
